id,name,partyLabel,constituencyLabel,homepage
abel.chocolate,ABEL LOURENÇO CHOCOLATE,MPLA,Círculo Eleitoral Nacional,http://www.parlamento.ao/web/abel.chocolate
abel.lubota,ABEL XAVIER NZUZI LUBOTA,CASA-CE,Círculo Eleitoral Provincial de Cabinda,http://www.parlamento.ao/web/abel.lubota
adalberto.junior,ADALBERTO COSTA JÚNIOR,UNITA,Círculo Eleitoral Nacional,http://www.parlamento.ao/web/adalberto.junior
adelina.chilica,ADELINA CHILICA,MPLA,Círculo Eleitoral Provincial do Moxico,http://www.parlamento.ao/web/adelina.chilica
adriano.patrocinio,ADRIANO MEIRELES PATROCÍNIO,MPLA,Círculo Eleitoral Nacional,http://www.parlamento.ao/web/adriano.patrocinio
adriano.sapinala,ADRIANO ABEL SAPINÃLA,UNITA,Círculo Eleitoral Provincial do Cuando Cubango,http://www.parlamento.ao/web/adriano.sapinala
agostinho.van-dunem,AGOSTINHO DE CARVALHO DOS SANTOS VAN-DÚNEM,MPLA,Círculo Eleitoral Nacional,http://www.parlamento.ao/web/agostinho.van-dunem
albertina.felisberto,ALBERTINA NAVEMBA NGOLO FELISBERTO,UNITA,Círculo Eleitoral Nacional,http://www.parlamento.ao/web/albertina.felisberto
alberto.ngalanela,ALBERTO FRANCISCO NGALANELA,UNITA,Circulo Eleitoral Provincial de Benguela,http://www.parlamento.ao/web/alberto.ngalanela
alberto.paulino,ALBERTO PAULINO,MPLA,Círculo Eleitoral Nacional,http://www.parlamento.ao/web/alberto.paulino
alcides.simoes,ALCIDES SAKALA SIMÕES,UNITA,Círculo Eleitoral Nacional,http://www.parlamento.ao/web/alcides.simoes
aldina.lomba,ALDINA MATILDE BARROS DA LOMBA CATEMBO,MPLA,Círculo Eleitoral Provincial de Cabinda,http://www.parlamento.ao/web/aldina.lomba
alexandre.andre,ALEXANDRE SEBASTIÃO ANDRÉ,CASA-CE,Círculo Eleitoral Nacional,http://www.parlamento.ao/web/alexandre.andre
alfredo.dala,ALFREDO JUNQUEIRA DALA,MPLA,Círculo Eleitoral Provincial de Malange,http://www.parlamento.ao/web/alfredo.dala
alicerces.bartolomeu,ALICERCES PAULO BARTOLOMEU,UNITA,Círculo Eleitoral Nacional,http://www.parlamento.ao/web/alicerces.bartolomeu
amadeu.amorim,AMADEU TIMÓTEO MALHEIROS DE AMORIM,MPLA,Círculo Eleitoral Nacional,http://www.parlamento.ao/web/amadeu.amorim
amilcar.colela,AMILCAR CAMPOS COLELA,UNITA,Círculo Eleitoral Nacional,http://www.parlamento.ao/web/amilcar.colela
amalia.alexandre,AMÁLIA MARIA ALEXANDRE,MPLA,Círculo Eleitoral Nacional,http://www.parlamento.ao/web/amalia.alexandre
amelia.ernesto,AMÉLIA JUDITH ERNESTO,UNITA,Círculo Eleitoral Nacional,http://www.parlamento.ao/web/amelia.ernesto
amelia.quinta,AMÉLIA CALUMBO QUINTA,MPLA,Círculo Eleitoral Nacional,http://www.parlamento.ao/web/amelia.quinta
americo.cuononoca,AMÉRICO ANTÓNIO CUONONOCA,MPLA,Círculo Eleitoral Nacional,http://www.parlamento.ao/web/americo.cuononoca
ana.fernando,ANA PAULA INÊS LUÍS NDALA FERNANDO,MPLA,Círculo Eleitoral Nacional,http://www.parlamento.ao/web/ana.fernando
anabela.gunga,ANABELA CAIOVO GUNGA,MPLA,Círculo Eleitoral Provincial do Bié,http://www.parlamento.ao/web/anabela.gunga
anastacio.sicato,ANASTÁCIO ARTUR RUBEN SICATO,UNITA,Circulo Eleitoral Nacional,http://www.parlamento.ao/web/anastacio.sicato
andre.carvalho,ANDRÉ GASPAR MENDES DE CARVALHO,CASA-CE,Círculo Eleitoral Nacional,http://www.parlamento.ao/web/andre.carvalho
angelica.ihungo,ANGÉLICA NENÉ CURITA IHUNGO,MPLA,Círculo Eleitoral Povincial da Lunda Norte,http://www.parlamento.ao/web/angelica.ihungo
antonino.jeremias,ANTÓNINO FILIPE TCHIYULO JEREMIAS,UNITA,Círculo Eleitoral Nacional,http://www.parlamento.ao/web/antonino.jeremias
antonio.neto,ANTÓNIO DOMINGOS PITRA COSTA NETO,MPLA,Círculo Eleitoral Nacional,http://www.parlamento.ao/web/antonio.neto
antonio.evaristo,ANTÓNIO EVARISTO,MPLA,Círculo Eleitoral Provincial de Malange,http://www.parlamento.ao/web/antonio.evaristo
antonio.f.junior,ANTÓNIO FELICIANO FERREIRA JÚNIOR,MPLA,Círculo Eleitoral Nacional,http://www.parlamento.ao/web/antonio.f.junior
antonio.bembe,ANTÓNIO BENTO BEMBE,MPLA,Círculo Eleitoral Nacional,http://www.parlamento.ao/web/antonio.bembe
antonio.filipe,ANTÓNIO DOS SANTOS FILIPE,MPLA,Círculo Eleitoral Provincial do Bié,http://www.parlamento.ao/web/antonio.filipe
antonio.paulo,ANTÓNIO RODRIGUES AFONSO PAULO,MPLA,Círculo Eleitoral Nacional,http://www.parlamento.ao/web/antonio.paulo
araujo.pena,ARAÚJO KACYKE PENA,UNITA,Círculo Eleitoral Nacional,http://www.parlamento.ao/web/araujo.pena
arlete.chimbinda,ARLETE LEONA CHIMBINDA,UNITA,Círculo Eleitoral Nacional,http://www.parlamento.ao/web/arlete.chimbinda
armando.capunda,ARMANDO CAPUNDA,MPLA,Círculo Eleitoral Provincial do Huambo,http://www.parlamento.ao/web/armando.capunda
augusto.nkondo,AUGUSTO PEDRO MAKUTA NKONDO,CASA-CE,Círculo Eleitoral Provincial do Zaire,http://www.parlamento.ao/web/augusto.nkondo
benedito.daniel,BENEDITO DANIEL,PRS,Círculo Eleitoral Nacional,http://www.parlamento.ao/web/benedito.daniel
bento.kandala,BENTO RAIMUNDO KANDALA,MPLA,Círculo Eleitoral Nacional,http://www.parlamento.ao/web/bento.kandala
bento.bento,BENTO JOAQUIM SEBASTIÃO FRANCISCO BENTO,MPLA,Círculo Eleitoral Nacional,http://www.parlamento.ao/web/bento.bento
bibiana.nandombua,BIBIANA NANDOMBUA,MPLA,Circulo Eleitoral Provincial do Huambo,http://www.parlamento.ao/web/bibiana.nandombua
boaventura.cardoso,BOAVENTURA DA SILVA CARDOSO,MPLA,Círculo Eleitoral Nacional,http://www.parlamento.ao/web/boaventura.cardoso
carlos.kandanda,CARLOS TIAGO KANDANDA,CASA-CE,Círculo Eleitoral Nacional,http://www.parlamento.ao/web/carlos.kandanda
carlos.cruz,CARLOS DA ROCHA CRUZ,MPLA,Namibe,http://www.parlamento.ao/web/carlos.cruz
carolina.elias,CAROLINA CRISTINA ELIAS,MPLA,Círculo Eleitoral Provincial do Namibe,http://www.parlamento.ao/web/carolina.elias
celso.capingala,CELSO EDUARDO TORRES CAPINGÃLA,UNITA,Círculo Elaitoral Nacional,http://www.parlamento.ao/web/celso.capingala
cesinanda.narciso,CESINANDA TERESA JOSÉ DE KERLAN XAVIER NARCISO,CASA-CE,Círculo Eleitoral Nacional,http://www.parlamento.ao/web/cesinanda.narciso
clarice.mukinda,CLARICE MUKINDA,UNITA,Círculo Eleitoral Nacional,http://www.parlamento.ao/web/clarice.mukinda
candida.silva,CÂNDIDA CELESTE DA SILVA,MPLA,Círculo Eleitoral Nacional,http://www.parlamento.ao/web/candida.silva
candida.narciso,CÂNDIDA MARIA GUILHERME NARCISO,MPLA,Circulo Eleitoral Provincial da Lunda Sul,http://www.parlamento.ao/web/candida.narciso
candido.van-dunem,CÂNDIDO PEREIRA DOS SANTOS VAN-DÚNEM,MPLA,Círculo Eleitoral Nacional,http://www.parlamento.ao/web/candido.van-dunem
daniel.antonio,DANIEL ANTÓNIO,MPLA,Círculo Eleitoral Provincial Kuanza Norte,http://www.parlamento.ao/web/daniel.antonio
deolinda.valiangula,DEOLINDA TCHOCONDOCA VALIANGULA,MPLA,Círculo Eleitoral Provincial de Benguela,http://www.parlamento.ao/web/deolinda.valiangula
diamantino.mussocola,DIAMANTINO DOMINGOS MUSSOKOLA,UNITA,Círculo Eleitoral Nacional,http://www.parlamento.ao/web/diamantino.mussocola
diogenes.oliveira,DIÓGENES DO ESPÍRITO SANTO OLIVEIRA,MPLA,Círculo Eleitoral Nacional,http://www.parlamento.ao/web/diogenes.oliveira
djamila.almeida,DJAMILA HUGUETTE DA SILVA DE ALMEIDA,MPLA,Círculo Eleitoral Nacional,http://www.parlamento.ao/web/djamila.almeida
domingos.pinto,DOMINGOS JOÃO FERREIRA PINTO,MPLA,Cículo Eleitoral Provincial do Cuanza Norte,http://www.parlamento.ao/web/domingos.pinto
domingos.oliveira,DOMINGOS OLIVEIRA,UNITA,Circulo Eleitoral Provincial da Lunda Norte,http://www.parlamento.ao/web/domingos.oliveira
domingos.afonso,DOMINGOS AFONSO,MPLA,Círculo Eleitoral Provincial do Cuanza Sul,http://www.parlamento.ao/web/domingos.afonso
dulce.ginga,DULCE GINGA,MPLA,Círculo Eleitoral Nacional,http://www.parlamento.ao/web/dulce.ginga
eduarda.magalhaes,EDUARDA MARIA NICOLAU SILVESTRE MAGALHÃES,MPLA,Cículo Eleitoral Provincial de Benguela,http://www.parlamento.ao/web/eduarda.magalhaes
eduardo.delfino,EDUARDO DUMBO DELFINO,UNITA,Circulo Eleitoral Provincial do Huambo,http://www.parlamento.ao/web/eduardo.delfino
eduardo.nelumba,EDUARDO GOMES NELUMBA,MPLA,Círculo Eleitoral Nacional,http://www.parlamento.ao/web/eduardo.nelumba
eduardo.faustino,EDUARDO SONGUILE ENDOME FAUSTINO,UNITA,Círculo Eleitoral Provincila do Bié,http://www.parlamento.ao/web/eduardo.faustino
elvira.van-dunem,ELVIRA PEREGRINA DE JESUS VAN-DÚNEM,MPLA,Círculo Eleitoral Provincial do Bengo,http://www.parlamento.ao/web/elvira.van-dunem
emilia.dias,EMÍLIA CARLOTA SEBASTIÃO CELESTINO DIAS,MPLA,Círculo Eleitoral Nacional,http://www.parlamento.ao/web/emilia.dias
ernesto.mulato,ERNESTO JOAQUIM MULATO,UNITA,Círculo Eleitoral Nacional,http://www.parlamento.ao/web/ernesto.mulato
estevao.kachiungo,ESTEVÃO JOSÉ PEDRO KACHIUNGO,UNITA,Círculo Eleitoral Nacional,http://www.parlamento.ao/web/estevao.kachiungo
eugenia.gaspar,EUGÉNIA RODRIGUES DOS SANTOS GASPAR,MPLA,Círculo Eleitoral Nacional,http://www.parlamento.ao/web/eugenia.gaspar
eulalia.silva,EULÁLIA MARIA ALVES ROCHA SILVA,MPLA,Círculo Elaitoral Provincial de Luanda,http://www.parlamento.ao/web/eulalia.silva
eusebio.texeira,EUSÉBIO DE BRITO TEIXEIRA,MPLA,Circulo Eleitoral do Cuanza Sul,http://www.parlamento.ao/web/eusebio.texeira
evelize.fresta,EVELIZE JOAQUINA JOAQUIM DA CRUZ FRESTA,MPLA,Círculo Eleitoral Nacional,http://www.parlamento.ao/web/evelize.fresta
fele.antonio,FELE ANTÓNIO,CASA-CE,Círculo Eleitoral Nacional,http://www.parlamento.ao/web/fele.antonio
felino.job,FELINO JOB,MPLA,Circulo Eleitoral Provincial do Moxico,http://www.parlamento.ao/web/felino.job
fernando.piedade,FERNANDO DA PIEDADE DIAS DOS SANTOS,MPLA,Círculo Eleitoral Nacional,http://www.parlamento.ao/web/fernando.piedade
fernando.van-dunem,FERNANDO JOSÉ DE FRANÇA DIAS VAN-DÚNEM,MPLA,Círculo Eleitoral Nacional,http://www.parlamento.ao/web/fernando.van-dunem
francisco.chitapa,FRANCISCO BOAVENTURA CANJONGO CHITAPA,MPLA,Círculo Eleitoral Nacional,http://www.parlamento.ao/web/francisco.chitapa
francisco.antonio,FRANCISCO GAIO KAKOMA ANTÓNIO,UNITA,Círculo Eleitoral Nacional,http://www.parlamento.ao/web/francisco.antonio
francisco.carneiro,FRANCISCO HIGINO LOPES CARNEIRO,MPLA,Círculo Eleitoral Provincial de Luanda,http://www.parlamento.ao/web/francisco.carneiro
franco.nhani,FRANCO MENESES MARCOLINO NHANI,UNITA,Círculo Eleitoral Nacional,http://www.parlamento.ao/web/franco.nhani
felix.lucas,FÉLIX SIMÃO LUCAS,UNITA,Círculo Elaitoral Provincial do Uíge,http://www.parlamento.ao/web/felix.lucas
gilberto.pereira,GILBERTO MANUEL PEREIRA,MPLA,Círculo Eleitoral Provincial do Cuanza Sul,http://www.parlamento.ao/web/gilberto.pereira
ginga.santos,GINGA AFONSO MIGUEL DOS SANTOS,MPLA,Círculo Eleitoral Provincial do Bengo,http://www.parlamento.ao/web/ginga.santos
helena.abel,HELENA BONGUELA ABEL,UNITA,Círculo Eleitoral Nacional,http://www.parlamento.ao/web/helena.abel
henrique.junior,HENRIQUE ANDRÉ JÚNIOR,MPLA,Círculo Eleitoral Nacional,http://www.parlamento.ao/web/henrique.junior
isabel.peliganga,ISABEL JOÃO MIGUEL SEBASTIÃO PELIGANGA,MPLA,Círculo Eleitoral Nacional,http://www.parlamento.ao/web/isabel.peliganga
jesuino.silva,JESUÍNO MANUEL DA SILVA,MPLA,Circulo Eleitoral Nacional,http://www.parlamento.ao/web/jesuino.silva
joana.pedro,JOANA DE JESUS DA CONCEIÇÃO PEDRO ANDRÉ E PEDRO,MPLA,Circulo Eleitoral Provincial de Malange,http://www.parlamento.ao/web/joana.pedro
joana.candido,JOANA LINA RAMOS BAPTISTA CÂNDIDO,MPLA,Círculo Eleitoral Nacional,http://www.parlamento.ao/web/joana.candido
joaquim.junior,JOAQUIM ANTÓNIO CARLOS REIS JÚNIOR,MPLA,Círculo Elaitoral Nacional,http://www.parlamento.ao/web/joaquim.junior
joaquim.david,JOAQUIM DUARTE DA COSTA DAVID,MPLA,Círculo Eleitoral Nacional,http://www.parlamento.ao/web/joaquim.david
joaquim.almeida,JOAQUIM FREDERICO D'ALMEIDA,MPLA,Circulo Eleitoral Provincial de Benguela,http://www.parlamento.ao/web/joaquim.almeida
joaquim.migueis,JOAQUIM JOSÉ MIGUEIS,MPLA,Círculo Eleitoral Nacional,http://www.parlamento.ao/web/joaquim.migueis
joaquim.nafoia,JOAQUIM NAFOIA,UNITA,Círculo Eleitoral Nacional,http://www.parlamento.ao/web/joaquim.nafoia
jorge.dombolo,JORGE INOCÊNCIO DOMBOLO,MPLA,Círculo Eleitoral Nacional,http://www.parlamento.ao/web/jorge.dombolo
jorge.vitorino,JORGE VITORINO,UNITA,Círculo Eleitoral Nacional,http://www.parlamento.ao/web/jorge.vitorino
jorge.augusto,JORGE MIGUÊNS AUGUSTO,MPLA,Círculo Eleitoral Nacional,http://www.parlamento.ao/web/jorge.augusto
jorge.uefu,JORGE RIBEIRO UEFU,MPLA,Circulo Eleitoral Provincial da Lunda Norte,http://www.parlamento.ao/web/jorge.uefu
josefina.gomes,JOSEFINA NDESIPEWA GOMES,MPLA,Círculo Eleitoral Nacional,http://www.parlamento.ao/web/josefina.gomes
josefina.diakite,JOSEFINA PERPÉTUA PERES DOMINGOS PITRA DIAKITE,MPLA,Círculo Eleitoral Nacional,http://www.parlamento.ao/web/josefina.diakite
jose.manuel,JOSÉ ARTUR CARMO MANUEL,MPLA,Círculo Eleitoral Provincial de Cabinda,http://www.parlamento.ao/web/jose.manuel
jose.eduardo,JOSÉ EDUARDO,UNITA,Círculo Elaitoral Provincial de Luanda,http://www.parlamento.ao/web/jose.eduardo
jose.miudo,JOSÉ MIÚDO,MPLA,Circulo Eleitoral Provincial da Lunda Norte,http://www.parlamento.ao/web/jose.miudo
jose.chiwale,JOSÉ SAMUEL CHIWALE,UNITA,Círculo Eleitoral Nacional,http://www.parlamento.ao/web/jose.chiwale
jose.pedro,JOSÉ FRANCISCO TINGÃO PEDRO,MPLA,Círculo Eleitoral Provincial do Bengo,http://www.parlamento.ao/web/jose.pedro
jose.semedo,JOSÉ ANTÓNIO LOPES SEMEDO,MPLA,Círculo Eleitoral Nacional,http://www.parlamento.ao/web/jose.semedo
jose.ndambuca,JOSÉ MIÚDO NDAMBUCA,MPLA,Círculo Eleitoral Provincial da Huíla,http://www.parlamento.ao/web/jose.ndambuca
jose.ferraz.santos,JOSÉ MARIA FERRAZ DOS SANTOS,MPLA,Circulo Eleitoral do Cuanza Norte.,http://www.parlamento.ao/web/jose.ferraz.santos
jose.andre,JOSÉ JOANA ANDRÉ,MPLA,Círculo Eleitoral Provincial do Zaíre,http://www.parlamento.ao/web/jose.andre
jose.cipriano,JOSÉ MOISÉS CIPRIANO,MPLA,Circulo Eleitoral Provincial da Lunda Norte,http://www.parlamento.ao/web/jose.cipriano
joao.martins,JOÃO DE ALMEIDA AZEVEDO MARTINS,MPLA,Círculo Eleitoral Nacional,http://www.parlamento.ao/web/joao.martins
joao.viemba,JOÃO VICENTE VIEMBA,UNITA,Círculo Eleitoral Nacional,http://www.parlamento.ao/web/joao.viemba
joao.quitas,JOÃO GARCIA QUITAS,UNITA,Círculo Eleitoral Provincial do Zaire,http://www.parlamento.ao/web/joao.quitas
joao.ungaji,JOÃO SEGUNDA UNGAJI,MPLA,Circulo Eleitoral Provincial da Lunda Sul,http://www.parlamento.ao/web/joao.ungaji
joao.muhembo,JOÃO ANTÓNIO LINEHA MUHEMBO,MPLA,Círculo Eleitoral Provincial do Cuando Cubango,http://www.parlamento.ao/web/joao.muhembo
joao.caweza,JOÃO MUZAZA CAWEZA,UNITA,Círculo Eleitoral Provincial do Moxico,http://www.parlamento.ao/web/joao.caweza
joao.francisco,JOÃO MANUEL FRANCISCO,MPLA,Círculo Eleitoral Nacional,http://www.parlamento.ao/web/joao.francisco
joao.freitas,JOÃO JOSÉ GUERRA DE FREITAS,MPLA,Circulo Eleitoral Provincial do Namibe,http://www.parlamento.ao/web/joao.freitas
joao.neto,"JOÃO LUÍS NETO ""XIETU""",MPLA,Círculo Eleitoral Nacional,http://www.parlamento.ao/web/joao.neto
joao.tyipinge,JOÃO MARCELINO TYIPINGE,MPLA,Província da Huíla,http://www.parlamento.ao/web/joao.tyipinge
joao.gaspar,JOÃO DIOGO GASPAR,MPLA,Círculo Eleitoral Provincial-Malanje,http://www.parlamento.ao/web/joao.gaspar
joao.kussumua,JOÃO BAPTISTA KUSSUMUA,MPLA,Circulo Eleitoral Provincia do Huambo,http://www.parlamento.ao/web/joao.kussumua
joao.mucanda,JOÃO FERNANDO MUCANDA,MPLA,Circulo Eleitoral Provincial do Cuando Cubango,http://www.parlamento.ao/web/joao.mucanda
juliao.paulo,JULIÃO MATEUS PAULO,MPLA,Círculo Eleitoral Nacional,http://www.parlamento.ao/web/juliao.paulo
justino.andrade,JUSTINO FELTRO DA COSTA PINTO DE ANDRADE,CASA-CE,Círculo Eleitoral Nacional,http://www.parlamento.ao/web/justino.andrade
julia.celeste,JÚLIA AGOSTINHA CELESTE,MPLA,Círculo Eleitoral Provincial da Huíla,http://www.parlamento.ao/web/julia.celeste
kilamba.van-dunem,KILAMBA KIUYIMA VAN-DÚNEM,MPLA,Círculo Eleitoral Nacional,http://www.parlamento.ao/web/kilamba.van-dunem
leonel.gomes,LEONEL JOSÉ GOMES,CASA-CE,Círculo Eleitoral Nacional,http://www.parlamento.ao/web/leonel.gomes
liberty.chiaka,LIBERTY MARLIN DIRCÉU SAMUEL CHIAKA,UNITA,Circulo Eleitoral Provincial do Huambo,http://www.parlamento.ao/web/liberty.chiaka
lindo.tito,LINDO BERNARDO TITO,CASA-CE,Círculo Eleitoral Nacional,http://www.parlamento.ao/web/lindo.tito
lourenco.lumingo,LOURENÇO ALBERTO CHUNGO LUMINGO,CASA-CE,Círculo Eleitoral Provincial de Cabinda,http://www.parlamento.ao/web/lourenco.lumingo
lucas.gonda,LUCAS BENGHIM GONDA,FNLA,Círculo Eleitoral Nacional,http://www.parlamento.ao/web/lucas.gonda
luciana.rafael,LUCIANA RAFAEL,UNITA,Círculo Eleitoral Nacional,http://www.parlamento.ao/web/luciana.rafael
lukamba.paulo,"LUKAMBA PAULO ""GATO""",UNITA,Círculo Eleitoral Nacional,http://www.parlamento.ao/web/lukamba.paulo
luzia.van-dunem,LUZIA PEREIRA DE SOUSA INGLÊS VAN-DÚNEM,MPLA,Círculo Eleitoral Nacional,http://www.parlamento.ao/web/luzia.van-dunem
luis.rasgado,LUÍS DE OLIVEIRA RASGADO,MPLA,Círculo Eleitoral Nacional,http://www.parlamento.ao/web/luis.rasgado
lu.domingos,LUÍS DOMINGOS,MPLA,Círculo Eleitoral Provincial da Lunda Sul,http://www.parlamento.ao/web/lu.domingos
luisa.damiao,LUÍSA PEDRO FRANCISCO DAMIÃO,MPLA,Círculo Eleitoral Nacional,http://www.parlamento.ao/web/luisa.damiao
madalena.hanosike,MADALENA NDAFOLUMA HANOSIKE,MPLA,Círculo Eleitoral Provincial do Cunene,http://www.parlamento.ao/web/madalena.hanosike
manuel.domingos,MANUEL ANTÓNIO GASPAR DOMINGOS,MPLA,Círculo Eleitoral Provincial do Cuanza Norte,http://www.parlamento.ao/web/manuel.domingos
manuel.ekuikui,MANUEL ARMANDO DA COSTA EKUIKUI,UNITA,Círculo Eleitoral Provincial de Luanda,http://www.parlamento.ao/web/manuel.ekuikui
manuel.neto,MANUEL DA CRUZ NETO,MPLA,Círculo Eleitoral Nacional,http://www.parlamento.ao/web/manuel.neto
deputadomanuel.mendes,MANUEL DAVID MENDES,UNITA,Círculo Eleitortal Nacional,http://www.parlamento.ao/web/deputadomanuel.mendes
manuel.dembo,MANUEL LOPES MONIZ DEMBO,MPLA,Círculo Elaitoral Provincial do Bengo,http://www.parlamento.ao/web/manuel.dembo
manuel.savihemba,MANUEL SAVIHEMBA,UNITA,Circulo Eleitoral Provincial do Bié,http://www.parlamento.ao/web/manuel.savihemba
manuel.vicente,MANUEL DOMINGOS VICENTE,MPLA,Círculo Eleitoral Nacional,http://www.parlamento.ao/web/manuel.vicente
manuel.mucanda,MANUEL SAMPAIO MUCANDA,CASA-CE,Circulo Eleitoral Provincial do Namibe,http://www.parlamento.ao/web/manuel.mucanda
manuel.quarta,MANUEL TEODORO DE JESUS QUARTA,MPLA,"",http://www.parlamento.ao/web/manuel.quarta
manuel.taby,MANUEL DOMINGOS TABY,MPLA,Círculo Eleitoral Provincial do Cunene,http://www.parlamento.ao/web/manuel.taby
manuel.fernandes,MANUEL FERNANDES,CASA-CE,Círculo Eleitoral Nacional,http://www.parlamento.ao/web/manuel.fernandes
manuel.muxito,MANUEL MUTEBA MUXITO,"",Círculo Eleitoral Nacional,http://www.parlamento.ao/web/manuel.muxito
maria.fortes,MARIA CAROLINA MANUEL FIEL MARIA FORTES,MPLA,Círculo Eleitoral Nacional,http://www.parlamento.ao/web/maria.fortes
maria.mutunda,MARIA ISABEL MALUNGA MUTUNDA,MPLA,Círculo Eleitoral Nacional,http://www.parlamento.ao/web/maria.mutunda
maria.ornelas,MARIA JÚLIA DE CERCAL ORNELAS,MPLA,Círculo Eleitoral Nacional,http://www.parlamento.ao/web/maria.ornelas
maria.tavares,MARIA ODETH SANCHES TAVARES,MPLA,Círculo Eleitoral Nacional,http://www.parlamento.ao/web/maria.tavares
maria.escovalo,MARIA ROSA ANTONINA GILBERTA TYIPINGE ESCOVALO,MPLA,Circulo Eleitoral Provincial da Huíla,http://www.parlamento.ao/web/maria.escovalo
maria.chivukuvuku,MARIA VICTÓRIA FERREIRA CHIVUKUVUKU,CASA-CE,Círculo Eleitoral Nacional,http://www.parlamento.ao/web/maria.chivukuvuku
maria.fernandes,MARIA JOSÉ DE ENCARNAÇÃO FERNANDES,MPLA,Círculo Eleitoral Provincial do Zaire,http://www.parlamento.ao/web/maria.fernandes
maria.taveya,MARIA SALOMÉ TAVEYA,MPLA,Círculo Eleitoral Provincial do Cunene,http://www.parlamento.ao/web/maria.taveya
maria.correia,MARIA AUGUSTA LEONEL CORREIA,MPLA,Círculo Eleitoral Nacional,http://www.parlamento.ao/web/maria.correia
maria.r.fernandes,MARIA DE LOURDES ROQUE CAPOSSO FERNANDES,MPLA,Círculo Eleitoral Nacional,http://www.parlamento.ao/web/maria.r.fernandes
maria.andrade,MARIA LUÍSA DE ANDRADE,UNITA,Círculo Eleitoral Nacional,http://www.parlamento.ao/web/maria.andrade
maria.valente,MARIA IDALINA DE OLIVEIRA VALENTE,MPLA,Círculo Eleitoral Nacional,http://www.parlamento.ao/web/maria.valente
maria.nascimento,MARIA DO CARMO ASSIS DO NASCIMENTO,MPLA,Círculo Eleitoral Nacional,http://www.parlamento.ao/web/maria.nascimento
mariana.afonso,MARIANA PAULO ANDRÉ AFONSO,MPLA,Círculo Eleitoral Nacional,http://www.parlamento.ao/web/mariana.afonso
mateus.junior,MATEUS ISABEL JÚNIOR,MPLA,Circulo Eleitoral Nacional,http://www.parlamento.ao/web/mateus.junior
maurilio.luiele,MAURÍLIO LUCIANO SABINO LUIELE,UNITA,Círculo Eleitoral Nacional,http://www.parlamento.ao/web/maurilio.luiele
mihaela.webba,MIHAELA EZSÉBET NETO WEBBA KOPUMI,UNITA,Círculo Eleitoral Nacional,http://www.parlamento.ao/web/mihaela.webba
miraldina.jamba,MIRALDINA OLGA MARCOS JAMBA,UNITA,Círculo Eleitoral Nacional,http://www.parlamento.ao/web/miraldina.jamba
monteiro.kapunga,MONTEIRO PINTO CAPUNGA,MPLA,Círculo Eleitoral Nacional,http://www.parlamento.ao/web/monteiro.kapunga
morais.tomas,MORAIS ANTÓNIO NEVES TOMÁS,MPLA,Círculo Eleitoral Provincial do Moxico,http://www.parlamento.ao/web/morais.tomas
mario.salomao,MÁRIO SALOMÃO,MPLA,Circulo Eleitoral Provincial do Moxico,http://www.parlamento.ao/web/mario.salomao
mario.andrade,MÁRIO PINTO DE ANDRADE,MPLA,Círculo Elaitoral Provincial de Luanda,http://www.parlamento.ao/web/mario.andrade
nazare.mendes,NAZARÉ DOS ANJOS MENDES,MPLA,Círculo Elaitoral Provincial do Uíge,http://www.parlamento.ao/web/nazare.mendes
nvunda.salucombo,NVUNDA BENVINDO DAS NEVES SALUCOMBO,MPLA,Círculo Eleitoral Nacional,http://www.parlamento.ao/web/nvunda.salucombo
odete.santos,ODETE DA CONCEIÇÃO DOMINGOS DOS SANTOS,MPLA,Círculo Eleitoral Provincial do Cuanza Sul,http://www.parlamento.ao/web/odete.santos
odeth.joaquim,ODETH LUDOVINA BACA JOAQUIM,CASA-CE,Círculo Eleitoral Nacional,http://www.parlamento.ao/web/odeth.joaquim
ovidio.pahula,OVÍDIO PAHULA,MPLA,Circulo Eleitoral Provincial do Cunene,http://www.parlamento.ao/web/ovidio.pahula
paulino.mpoloantinu,PAULINO NZUZI MPOLOANTINU,MPLA,Círculo Eleitoral Provincial do Zaire,http://www.parlamento.ao/web/paulino.mpoloantinu
paulo.pombolo,PAULO POMBOLO,MPLA,Círculo Elaitoral Provincial do Uíge,http://www.parlamento.ao/web/paulo.pombolo
paulo.carvalho,PAULO HORÁCIO DE SEQUEIRA E CARVALHO,MPLA,Círculo Eleitoral Nacional,http://www.parlamento.ao/web/paulo.carvalho
pedro.conga,PEDRO AUGUSTO CONGA,MPLA,Círculo Elaitoral Provincial do Uíge,http://www.parlamento.ao/web/pedro.conga
pedro.diavova,PEDRO DIAVOVA,MPLA,Círculo Eleitoral Provincial do Uíge,http://www.parlamento.ao/web/pedro.diavova
pedro.mutinde,PEDRO MUTINDE,MPLA,Círculo Eleitoral Provincial do Cuando Cubango,http://www.parlamento.ao/web/pedro.mutinde
pedro.sebastiao,PEDRO SEBASTIÃO,MPLA,Círculo Eleitoral Provincial do Zaire,http://www.parlamento.ao/web/pedro.sebastiao
piedoso.bonga,PIEDOSO CHIPINDO BONGA,UNITA,Círculo eleitoral nacional,http://www.parlamento.ao/web/piedoso.bonga
rafeal.savimbi,RAFAEL MASSANGA SAKAITA SAVIMBI,UNITA,Círculo Eleitoral Nacional,http://www.parlamento.ao/web/rafeal.savimbi
raul.lima,RAÚL AUGUSTO LIMA,MPLA,Círculo Eleitoral Nacional,http://www.parlamento.ao/web/raul.lima
raul.tati,RAÚL TATI,UNITA,Círculo Eleitoral Provincial de Cabinda,http://www.parlamento.ao/web/raul.tati
rebeca.muaka,REBECA MUAKA,UNITA,Circulo Eleitoral Provincial da Lunda Sul,http://www.parlamento.ao/web/rebeca.muaka
regina.txipoia,REGINA EDUARDO TXIPOIA,UNITA,Círculo Eleitoral Nacional,http://www.parlamento.ao/web/regina.txipoia
roberto.monteiro,ROBERTO LEAL RAMOS MONTEIRO,MPLA,Círculo Eleitoral Nacional,http://www.parlamento.ao/web/roberto.monteiro
roberto.almeida,ROBERTO ANTÓNIO VÍCTOR FRANCISCO DE ALMEIDA,MPLA,Círculo Eleitoral Nacional,http://www.parlamento.ao/web/roberto.almeida
rosa.cacuhu,ROSA CACUHU,MPLA,Circulo Eleitoral Provincial do Cuando Cubango,http://www.parlamento.ao/web/rosa.cacuhu
rui.andrade,RUI LUÍS FALCÃO PINTO DE ANDRADE,MPLA,Círculo Eleitoral Provincial do Namibe,http://www.parlamento.ao/web/rui.andrade
ruth.mendes,RUTH ADRIANO MENDES,MPLA,Círculo Eleitoral Nacional,http://www.parlamento.ao/web/ruth.mendes
salomao.xirimbimbi,SALOMÃO JOSÉ LUHETO XIRIMBIMBI,MPLA,Círculo Eleitoral Nacional,http://www.parlamento.ao/web/salomao.xirimbimbi
santa.pedro,SANTA SIMÃO PEDRO,MPLA,Círculo Eleitoral Provincial do Cuanza Norte,http://www.parlamento.ao/web/santa.pedro
sediangani.mbimbi,SEDIANGANI MBIMBI,UNITA,Círculo Eleitoral Nacional,http://www.parlamento.ao/web/sediangani.mbimbi
serafim.prado,SERAFIM MARIA DO PRADO,MPLA,Circulo Eleitoral Provincial do Cuanza Sul,http://www.parlamento.ao/web/serafim.prado
sikonda.alexandre,SIKONDA LULENDO ALEXANDRE,CASA-CE,Círculo Eleitoral Nacional,http://www.parlamento.ao/web/sikonda.alexandre
simao.dembo,SIMÃO ALBINO ANTÓNIO DEMBO,UNITA,Círculo Elaitoral Provincial do Bengo,http://www.parlamento.ao/web/simao.dembo
simao.pinda,SIMÃO PINDA,MPLA,Círculo Eleitoral Nacional,http://www.parlamento.ao/web/simao.pinda
sofia.mussonguela,SOFIA PORFÍRIO KASSUNGO MUSSONGUELA,UNITA,Nacional,http://www.parlamento.ao/web/sofia.mussonguela
suzana.melo,SUZANA AUGUSTA DE MELO,MPLA,Círculo Eleitoral Nacional,http://www.parlamento.ao/web/suzana.melo
sergio.vaz,SÉRGIO LEONARDO VAZ,MPLA,Círculo Eleitoral Provincial do Cunene,http://www.parlamento.ao/web/sergio.vaz
sergio.santos,SÉRGIO DE SOUSA MENDES DOS SANTOS,MPLA,Nacional,http://www.parlamento.ao/web/sergio.santos
teresa.chipia,TERESA CHIPIA,UNITA,Círculo Eleitoral Nacional,http://www.parlamento.ao/web/teresa.chipia
teresa.goncalves,TERESA DE JESUS GONÇALVES,MPLA,Círculo Eleitoral Nacional,http://www.parlamento.ao/web/teresa.goncalves
tomas.silva,TOMÁS SIMÃO DA SILVA,MPLA,Círculo Eleitoral Nacional,http://www.parlamento.ao/web/tomas.silva
verissimo.sapalo,VERÍSSIMO SAPALO,MPLA,Cículo Eleitoral Provincial de Benguela,http://www.parlamento.ao/web/verissimo.sapalo
vicente.andrade,VICENTE JOSÉ DA COSTA PINTO DE ANDRADE,MPLA,Círculo Eleitoral Nacional,http://www.parlamento.ao/web/vicente.andrade
victoria,VICTÓRIA FRANCISCO LOPES CRISTÓVÃO BARROS NETO,MPLA,Circulo Eleitoral Nacional,http://www.parlamento.ao/web/victoria
vigilio.tyova,VIGÍLIO DA RESSUREIÇÃO BERNARDO ADRIANO TYOVA,MPLA,Círculo Eleitoral Provincial da Huíla,http://www.parlamento.ao/web/vigilio.tyova
virgilio.samussongo,VIRGÍLIO PEDRO SAMUSSONGO,UNITA,Circulo Eleitoral Provincial da Lunda Sul,http://www.parlamento.ao/web/virgilio.samussongo
virgilio.pereira,VIRGÍLIO FERREIRA DE FONTES PEREIRA,MPLA,Círculo Eleitoral Nacional,http://www.parlamento.ao/web/virgilio.pereira
victor.kajibanga,VÍCTOR MÁRIO CHICUA KAJIBANGA,MPLA,Círculo Eleitoral Nacional,http://www.parlamento.ao/web/victor.kajibanga
yolanda.gaspar,YOLANDA BRÍGIDA DOMINGOS DE SOUSA GASPAR,MPLA,Circulo Eleitoral Nacional,http://www.parlamento.ao/web/yolanda.gaspar
alvaro.boavida.neto,ÁLVARO MANUEL DE BOAVIDA NETO,MPLA,Círculo Eleitoral Provincial do Bié,http://www.parlamento.ao/web/alvaro.boavida.neto
ansia.salatiel,ÂNSIA CAMUANGA CORREIA SALATIEL,MPLA,Círculo Eleitoral Provincial de Malange,http://www.parlamento.ao/web/ansia.salatiel
